id,name,title,organization,num_resources,metadata_modified
0276c29b-f041-4b38-b5d1-930c33ee199e,0276c29b-f041-4b38-b5d1-930c33ee199e,"Employment services, summary statistics",Statistics Canada | Statistique Canada,5,2025-10-17T12:46:53.687252
8fd0f79b-2165-4206-aeda-d1477a97bfbe,8fd0f79b-2165-4206-aeda-d1477a97bfbe,Canadian Armed Forces Employment Equity (EE) Statistics,National Defence | Défense nationale,2,2025-05-12T12:50:47.003836
b45baf5f-68ee-47b9-80cd-63709451c3be,b45baf5f-68ee-47b9-80cd-63709451c3be,"Trucking industry, employment statistics, by province and territory",Statistics Canada | Statistique Canada,5,2023-01-17T21:02:33.956822
b2ca726c-df84-4da2-85bc-be19bfd59da4,b2ca726c-df84-4da2-85bc-be19bfd59da4,"Federal public sector employment reconciliation of Treasury Board of Canada Secretariat, Public Service Commission of Canada and Statistics Canada statistical universes, as at December 31",Statistics Canada | Statistique Canada,5,2023-01-17T20:27:48.516913
b1ab3b82-61ac-49f7-a00a-6b3a64ee7354,b1ab3b82-61ac-49f7-a00a-6b3a64ee7354,"Employment income statistics by occupation, major field of study and highest level of education: Canada",Statistics Canada | Statistique Canada,5,2023-01-17T23:03:56.372697
94906755-1cb9-4c2d-aaa6-bf365f3d4de8,94906755-1cb9-4c2d-aaa6-bf365f3d4de8,Canada Emergency Response Benefit Statistics,Employment and Social Development Canada | Emploi et Développement social Canada,11,2024-11-21T01:27:38.498521
78aa1f9b-6b41-43df-8d6d-65b627f9eeeb,78aa1f9b-6b41-43df-8d6d-65b627f9eeeb,"Employment income statistics by highest level of education: Canada, provinces and territories, census divisions and census subdivisions",Statistics Canada | Statistique Canada,5,2023-10-04T12:39:19.616997
16c127c4-b900-456a-b771-eba2f75df083,16c127c4-b900-456a-b771-eba2f75df083,"Financial and employment statistics for enterprises, by province, territory and region",Statistics Canada | Statistique Canada,5,2025-03-07T15:29:44.371447
5e0ac602-21b9-4998-bc3e-77aa70ee3605,5e0ac602-21b9-4998-bc3e-77aa70ee3605,Statistics Canada: Road to Accessibility,Statistics Canada | Statistique Canada,2,2022-12-28T14:28:17.140014
c2c23a59-7e4a-4bcd-8491-fcf6da3c4590,c2c23a59-7e4a-4bcd-8491-fcf6da3c4590,Canada Disability Savings Program (CDSP) Statistics,Employment and Social Development Canada | Emploi et Développement social Canada,4,2025-02-27T20:10:48.941935
